{"_step":0,"mae/loss":0.815319836139679,"_timestamp":1.7696744853577769e+09,"_runtime":2,"_wandb":{"runtime":2}}