{"_runtime":2,"mae/loss":0.42818138003349304,"_timestamp":1.769681619203176e+09,"_step":0,"_wandb":{"runtime":2}}