{"classifier/loss_fake":2.1993496417999268,"mae/loss":1.0689442157745361,"_step":3,"_runtime":4,"classifier/loss":4.380004405975342,"classifier/loss_real":2.180654764175415,"_timestamp":1.7695110519815257e+09,"_wandb":{"runtime":4},"masking/loss":4.73126220703125}