{"_timestamp":1.7696732930627239e+09,"_wandb":{"runtime":2},"_runtime":2,"_step":0,"mae/loss":0.815319836139679}