{"_timestamp":1.7695164574384692e+09,"classifier/loss_fake":2.1993496417999268,"_wandb":{"runtime":4},"_step":3,"masking/loss":4.73126220703125,"classifier/loss":4.380004405975342,"classifier/loss_real":2.180654764175415,"_runtime":4,"mae/loss":1.0689442157745361}