{"_timestamp":1.7696834755998807e+09,"_step":0,"_wandb":{"runtime":2},"_runtime":2,"mae/loss":0.42818138003349304}