{"_wandb":{"runtime":4},"masking/loss":4.73126220703125,"classifier/loss":4.380004405975342,"_runtime":4,"_step":3,"classifier/loss_fake":2.1993496417999268,"mae/loss":1.0689442157745361,"classifier/loss_real":2.180654764175415,"_timestamp":1.7695124363756268e+09}