{"masking/loss":4.73126220703125,"_wandb":{"runtime":4},"classifier/loss":4.380004405975342,"_timestamp":1.7695152324590554e+09,"_runtime":4,"mae/loss":1.0689442157745361,"classifier/loss_fake":2.1993496417999268,"classifier/loss_real":2.180654764175415,"_step":3}