{"_wandb":{"runtime":2},"_runtime":2,"_step":0,"mae/loss":0.42818138003349304,"_timestamp":1.769679727148716e+09}